rank,feature_name,global_importance,shap_negative,shap_neutral,shap_positive,dominant_sentiment
1,head_pitch_deg_mean,0.11335174,0.24401405,0.06457615,0.031465016,negative
2,torso_pitch_mean,0.07718905,0.048316557,0.043434165,0.13981642,positive
3,head_yaw_deg_mean,0.06574616,0.10003444,0.026529342,0.07067469,negative
4,R_WRIST_accum_dist_avg,0.06234253,0.024544802,0.11353108,0.048951697,neutral
5,pose_LEFT_HIP_x_peaks_per_s,0.061768096,0.0729445,0.009428205,0.10293159,positive
6,head_yaw_deg_std,0.05877873,0.07853125,0.061857607,0.035947327,negative
7,right_arm_angle_mean,0.05725925,0.0657233,0.08132527,0.024729198,neutral
8,torso_pitch_std,0.056247074,0.014201331,0.07651589,0.078024015,positive
9,dist_left_wrist_to_right_shoulder_peaks_per_s,0.053456407,0.07778796,0.07273908,0.009842187,negative
10,pose_LEFT_SHOULDER_y_peaks_per_s,0.048418667,0.034490824,0.059922367,0.05084281,neutral
11,dist_right_wrist_to_right_shoulder_peaks_per_s,0.047925755,0.0054389136,0.07595497,0.062383376,neutral
12,head_pitch_deg_peaks_per_s,0.046813328,0.07170391,0.037665725,0.031070344,negative
13,pose_LEFT_WRIST_y_peaks_per_s,0.046552304,0.06065937,0.041713573,0.037283976,negative
14,torso_yaw_mean,0.04520456,0.03783666,0.03317184,0.06460517,positive
15,torso_yaw_peaks_per_s,0.045164734,0.03403462,0.035238232,0.06622136,positive
16,pose_RIGHT_WRIST_y_peaks_per_s,0.04071985,0.07523955,0.009399339,0.037520673,negative
17,pose_RIGHT_WRIST_x_peaks_per_s,0.038117442,0.047993284,0.007162612,0.05919644,positive
18,L_WRIST_accum_dist_avg,0.037145834,0.016701907,0.07125856,0.023477029,neutral
19,pose_RIGHT_ELBOW_y_peaks_per_s,0.036468744,0.022684246,0.037301116,0.049420875,positive
20,dist_elbows_lr_peaks_per_s,0.03605133,0.021589803,0.069602534,0.016961653,neutral
21,pose_RIGHT_WRIST_z_peaks_per_s,0.03436786,0.026089923,0.016589984,0.060423676,positive
22,torso_yaw_std,0.033801105,0.032289404,0.024176558,0.044937346,positive
23,pose_RIGHT_SHOULDER_x_peaks_per_s,0.032576885,0.039802257,0.010474583,0.04745382,positive
24,right_hand_WRIST_x_peaks_per_s,0.031993087,0.04480851,0.023603966,0.027566785,negative
25,left_arm_angle_mean,0.030330598,0.018231088,0.043204527,0.02955618,neutral
26,left_arm_angle_peaks_per_s,0.029859617,0.016728522,0.027113078,0.045737248,positive
27,right_arm_angle_std,0.029804295,0.044253614,0.027143765,0.018015502,negative
28,pose_LEFT_HIP_z_peaks_per_s,0.0290389,0.015525203,0.022704037,0.04888746,positive
29,left_hand_WRIST_y_peaks_per_s,0.029032536,0.04296253,0.017197164,0.026937915,negative
30,head_pitch_deg_std,0.028661871,0.04904822,0.016620725,0.020316677,negative
