rank,feature_name,body_part,mms_param,dominant_sentiment,global_importance,shap_negative,shap_neutral,shap_positive,guideline_description
1,head_pitch_deg_mean,head,headrot,negative,0.11335174,0.24401405,0.06457615,0.031465016,High 'head_pitch_deg_mean' indicates sentiment: negative  (importance=0.113)
2,torso_pitch_mean,torso,torsorot,positive,0.07718905,0.048316557,0.043434165,0.13981642,High 'torso_pitch_mean' indicates sentiment: positive  (importance=0.077)
3,head_yaw_deg_mean,head,headrot,negative,0.06574616,0.10003444,0.026529342,0.07067469,High 'head_yaw_deg_mean' indicates sentiment: negative  (importance=0.066)
4,R_WRIST_accum_dist_avg,wrist,domhandreloc,neutral,0.06234253,0.024544802,0.11353108,0.048951697,High 'R_WRIST_accum_dist_avg' indicates sentiment: neutral  (importance=0.062)
5,pose_LEFT_HIP_x_peaks_per_s,hip,torsoreloc,positive,0.061768096,0.0729445,0.009428205,0.10293159,High 'pose_LEFT_HIP_x_peaks_per_s' indicates sentiment: positive  (importance=0.062)
6,head_yaw_deg_std,head,headrot,negative,0.05877873,0.07853125,0.061857607,0.035947327,High 'head_yaw_deg_std' indicates sentiment: negative  (importance=0.059)
7,right_arm_angle_mean,other,domshoulderreloc,neutral,0.05725925,0.0657233,0.08132527,0.024729198,High 'right_arm_angle_mean' indicates sentiment: neutral  (importance=0.057)
8,torso_pitch_std,torso,torsorot,positive,0.056247074,0.014201331,0.07651589,0.078024015,High 'torso_pitch_std' indicates sentiment: positive  (importance=0.056)
9,dist_left_wrist_to_right_shoulder_peaks_per_s,shoulder,ndomhandreloc,negative,0.053456407,0.07778796,0.07273908,0.009842187,High 'dist_left_wrist_to_right_shoulder_peaks_per_s' indicates sentiment: negative  (importance=0.053)
10,pose_LEFT_SHOULDER_y_peaks_per_s,shoulder,ndomshoulderreloc,neutral,0.048418667,0.034490824,0.059922367,0.05084281,High 'pose_LEFT_SHOULDER_y_peaks_per_s' indicates sentiment: neutral  (importance=0.048)
11,dist_right_wrist_to_right_shoulder_peaks_per_s,shoulder,domhandreloc,neutral,0.047925755,0.0054389136,0.07595497,0.062383376,High 'dist_right_wrist_to_right_shoulder_peaks_per_s' indicates sentiment: neutral  (importance=0.048)
12,head_pitch_deg_peaks_per_s,head,headrot,negative,0.046813328,0.07170391,0.037665725,0.031070344,High 'head_pitch_deg_peaks_per_s' indicates sentiment: negative  (importance=0.047)
13,pose_LEFT_WRIST_y_peaks_per_s,wrist,ndomhandreloc,negative,0.046552304,0.06065937,0.041713573,0.037283976,High 'pose_LEFT_WRIST_y_peaks_per_s' indicates sentiment: negative  (importance=0.047)
14,torso_yaw_mean,torso,torsorot,positive,0.04520456,0.03783666,0.03317184,0.06460517,High 'torso_yaw_mean' indicates sentiment: positive  (importance=0.045)
15,torso_yaw_peaks_per_s,torso,torsorot,positive,0.045164734,0.03403462,0.035238232,0.06622136,High 'torso_yaw_peaks_per_s' indicates sentiment: positive  (importance=0.045)
16,pose_RIGHT_WRIST_y_peaks_per_s,wrist,domhandreloc,negative,0.04071985,0.07523955,0.009399339,0.037520673,High 'pose_RIGHT_WRIST_y_peaks_per_s' indicates sentiment: negative  (importance=0.041)
17,pose_RIGHT_WRIST_x_peaks_per_s,wrist,domhandreloc,positive,0.038117442,0.047993284,0.007162612,0.05919644,High 'pose_RIGHT_WRIST_x_peaks_per_s' indicates sentiment: positive  (importance=0.038)
18,L_WRIST_accum_dist_avg,wrist,ndomhandreloc,neutral,0.037145834,0.016701907,0.07125856,0.023477029,High 'L_WRIST_accum_dist_avg' indicates sentiment: neutral  (importance=0.037)
19,pose_RIGHT_ELBOW_y_peaks_per_s,elbow,speed,positive,0.036468744,0.022684246,0.037301116,0.049420875,High 'pose_RIGHT_ELBOW_y_peaks_per_s' indicates sentiment: positive  (importance=0.036)
20,dist_elbows_lr_peaks_per_s,elbow,speed,neutral,0.03605133,0.021589803,0.069602534,0.016961653,High 'dist_elbows_lr_peaks_per_s' indicates sentiment: neutral  (importance=0.036)
21,pose_RIGHT_WRIST_z_peaks_per_s,wrist,domhandreloc,positive,0.03436786,0.026089923,0.016589984,0.060423676,High 'pose_RIGHT_WRIST_z_peaks_per_s' indicates sentiment: positive  (importance=0.034)
22,torso_yaw_std,torso,torsorot,positive,0.033801105,0.032289404,0.024176558,0.044937346,High 'torso_yaw_std' indicates sentiment: positive  (importance=0.034)
23,pose_RIGHT_SHOULDER_x_peaks_per_s,shoulder,domshoulderreloc,positive,0.032576885,0.039802257,0.010474583,0.04745382,High 'pose_RIGHT_SHOULDER_x_peaks_per_s' indicates sentiment: positive  (importance=0.033)
24,right_hand_WRIST_x_peaks_per_s,wrist,domhandreloc,negative,0.031993087,0.04480851,0.023603966,0.027566785,High 'right_hand_WRIST_x_peaks_per_s' indicates sentiment: negative  (importance=0.032)
25,left_arm_angle_mean,other,ndomshoulderreloc,neutral,0.030330598,0.018231088,0.043204527,0.02955618,High 'left_arm_angle_mean' indicates sentiment: neutral  (importance=0.030)
26,left_arm_angle_peaks_per_s,other,ndomshoulderreloc,positive,0.029859617,0.016728522,0.027113078,0.045737248,High 'left_arm_angle_peaks_per_s' indicates sentiment: positive  (importance=0.030)
27,right_arm_angle_std,other,domshoulderreloc,negative,0.029804295,0.044253614,0.027143765,0.018015502,High 'right_arm_angle_std' indicates sentiment: negative  (importance=0.030)
28,pose_LEFT_HIP_z_peaks_per_s,hip,torsoreloc,positive,0.0290389,0.015525203,0.022704037,0.04888746,High 'pose_LEFT_HIP_z_peaks_per_s' indicates sentiment: positive  (importance=0.029)
29,left_hand_WRIST_y_peaks_per_s,wrist,ndomhandreloc,negative,0.029032536,0.04296253,0.017197164,0.026937915,High 'left_hand_WRIST_y_peaks_per_s' indicates sentiment: negative  (importance=0.029)
30,head_pitch_deg_std,head,headrot,negative,0.028661871,0.04904822,0.016620725,0.020316677,High 'head_pitch_deg_std' indicates sentiment: negative  (importance=0.029)
