segment_id,pred_label,prob_negative,prob_neutral,prob_positive,valence_score
0,neutral,0.0649,0.8497,0.0855,0.0206
1,positive,0.0533,0.0946,0.8521,0.7988
2,positive,0.0852,0.2015,0.7132,0.628
3,neutral,0.0949,0.6813,0.2238,0.1289
4,neutral,0.0991,0.6847,0.2163,0.1172
5,negative,0.8411,0.11,0.0489,-0.7922
6,negative,0.7831,0.1509,0.066,-0.7171
7,negative,0.8574,0.0802,0.0624,-0.795
8,neutral,0.0859,0.8413,0.0728,-0.0131
9,positive,0.1743,0.1721,0.6537,0.4794
10,negative,0.8826,0.0672,0.0503,-0.8323
11,neutral,0.1126,0.736,0.1514,0.0389
12,neutral,0.0508,0.8282,0.121,0.0701
13,positive,0.2715,0.1614,0.5671,0.2956
14,negative,0.8856,0.0793,0.0351,-0.8504
15,negative,0.8915,0.0628,0.0456,-0.8459
16,neutral,0.0605,0.8489,0.0906,0.03
17,neutral,0.2246,0.6912,0.0842,-0.1404
18,neutral,0.1506,0.7907,0.0587,-0.0918
19,neutral,0.0956,0.851,0.0535,-0.0421
20,neutral,0.0632,0.831,0.1058,0.0426
21,neutral,0.1318,0.6654,0.2029,0.0711
22,neutral,0.1591,0.7265,0.1145,-0.0446
23,neutral,0.0901,0.8272,0.0828,-0.0073
24,positive,0.0772,0.2287,0.6941,0.6168
25,neutral,0.0957,0.754,0.1503,0.0547
26,neutral,0.11,0.7792,0.1108,0.0008
27,neutral,0.0765,0.8412,0.0823,0.0058
28,positive,0.0559,0.1361,0.808,0.7521
29,negative,0.8698,0.0649,0.0654,-0.8044
30,neutral,0.0661,0.857,0.0769,0.0107
31,neutral,0.0787,0.8831,0.0382,-0.0405
32,positive,0.0637,0.0787,0.8576,0.7939
33,negative,0.7602,0.1142,0.1256,-0.6346
34,positive,0.1109,0.1241,0.765,0.6541
35,positive,0.0784,0.2167,0.7049,0.6265
36,neutral,0.0741,0.8296,0.0964,0.0223
37,neutral,0.0845,0.7451,0.1704,0.0859
38,negative,0.6576,0.1501,0.1922,-0.4654
39,negative,0.6617,0.1486,0.1897,-0.4721
40,negative,0.7755,0.1435,0.081,-0.6944
41,negative,0.8317,0.0957,0.0726,-0.7591
42,negative,0.7991,0.0994,0.1015,-0.6976
43,negative,0.6861,0.1614,0.1525,-0.5336
44,negative,0.7807,0.1309,0.0883,-0.6924
45,negative,0.638,0.2721,0.0898,-0.5482
46,negative,0.7776,0.1278,0.0946,-0.683
47,neutral,0.1138,0.7098,0.1763,0.0625
48,positive,0.0573,0.1445,0.7982,0.7409
49,neutral,0.1344,0.7886,0.0771,-0.0573
50,neutral,0.1375,0.6913,0.1712,0.0337
51,neutral,0.0793,0.8716,0.0491,-0.0302
52,positive,0.0497,0.1279,0.8224,0.7728
53,neutral,0.1501,0.7438,0.1061,-0.044
54,neutral,0.0897,0.8375,0.0729,-0.0168
55,positive,0.1008,0.0889,0.8103,0.7095
56,neutral,0.098,0.8092,0.0929,-0.0051
57,neutral,0.056,0.832,0.112,0.056
58,neutral,0.0909,0.8019,0.1072,0.0163
59,positive,0.1709,0.1616,0.6675,0.4967
60,positive,0.1336,0.1594,0.707,0.5734
61,positive,0.0396,0.0382,0.9222,0.8826
62,positive,0.1262,0.1265,0.7473,0.6211
63,positive,0.0925,0.0967,0.8108,0.7183
64,positive,0.043,0.0825,0.8745,0.8316
65,positive,0.0758,0.0696,0.8547,0.7789
66,negative,0.7624,0.0976,0.14,-0.6223
67,negative,0.7556,0.1254,0.119,-0.6366
68,neutral,0.0959,0.7125,0.1916,0.0956
69,positive,0.1258,0.1368,0.7374,0.6116
70,positive,0.2385,0.1229,0.6386,0.4002
71,positive,0.0771,0.1362,0.7868,0.7097
72,positive,0.1197,0.0618,0.8185,0.6988
73,positive,0.1903,0.089,0.7208,0.5305
74,negative,0.722,0.1228,0.1552,-0.5668
75,negative,0.8039,0.0962,0.0999,-0.704
76,neutral,0.1475,0.7443,0.1082,-0.0393
77,negative,0.7377,0.1304,0.132,-0.6057
78,negative,0.7184,0.1459,0.1357,-0.5827
79,neutral,0.1903,0.6555,0.1543,-0.036
80,positive,0.0762,0.1225,0.8013,0.7251
81,neutral,0.1093,0.8004,0.0903,-0.0189
82,neutral,0.1254,0.7642,0.1104,-0.0149
83,neutral,0.0582,0.874,0.0678,0.0097
84,neutral,0.1041,0.807,0.0888,-0.0153
85,negative,0.8546,0.0846,0.0608,-0.7938
86,neutral,0.1369,0.7829,0.0802,-0.0567
87,neutral,0.0939,0.7742,0.132,0.0381
88,negative,0.7628,0.1377,0.0995,-0.6633
89,neutral,0.0618,0.8561,0.082,0.0202
90,neutral,0.1369,0.7166,0.1465,0.0096
91,positive,0.0629,0.0911,0.846,0.7831
92,positive,0.0662,0.0667,0.8671,0.8009
93,positive,0.0892,0.1005,0.8103,0.7212
94,negative,0.8318,0.0911,0.0771,-0.7547
95,neutral,0.0878,0.8052,0.107,0.0191
96,neutral,0.1735,0.73,0.0966,-0.0769
97,negative,0.8201,0.0982,0.0817,-0.7384
98,negative,0.8372,0.0776,0.0852,-0.7521
99,negative,0.746,0.097,0.1571,-0.5889
100,positive,0.2488,0.1177,0.6335,0.3848
101,neutral,0.1071,0.7436,0.1492,0.0421
102,negative,0.8296,0.0721,0.0984,-0.7312
103,negative,0.8426,0.0935,0.064,-0.7786
104,negative,0.7449,0.0801,0.175,-0.5699
105,neutral,0.1018,0.7751,0.1231,0.0213
106,negative,0.6317,0.1371,0.2312,-0.4005
107,negative,0.7937,0.0951,0.1112,-0.6825
108,neutral,0.1127,0.7622,0.1251,0.0124
109,positive,0.0626,0.0715,0.8659,0.8033
110,positive,0.1099,0.162,0.7281,0.6182
111,negative,0.9185,0.0491,0.0324,-0.886
112,negative,0.9229,0.0434,0.0338,-0.8891
113,negative,0.9069,0.0702,0.0229,-0.884
114,negative,0.8331,0.1321,0.0348,-0.7982
115,positive,0.0861,0.1249,0.7891,0.703
116,positive,0.0949,0.1571,0.748,0.6531
117,neutral,0.1259,0.8062,0.0678,-0.0581
118,negative,0.8062,0.1064,0.0875,-0.7187
119,negative,0.7532,0.1284,0.1184,-0.6348
120,neutral,0.0776,0.7905,0.1318,0.0542
121,neutral,0.0887,0.8355,0.0758,-0.0129
122,positive,0.103,0.1038,0.7932,0.6902
123,negative,0.8366,0.0727,0.0907,-0.7458
124,negative,0.7954,0.1222,0.0825,-0.7129
125,neutral,0.2025,0.6884,0.1091,-0.0934
126,neutral,0.1494,0.8057,0.045,-0.1044
127,negative,0.817,0.1232,0.0599,-0.7571
128,negative,0.8694,0.089,0.0416,-0.8278
129,negative,0.6986,0.155,0.1464,-0.5522
130,neutral,0.1305,0.7854,0.0841,-0.0464
131,neutral,0.1812,0.7692,0.0496,-0.1315
132,positive,0.0609,0.0779,0.8613,0.8004
133,neutral,0.0408,0.8713,0.0879,0.047
134,positive,0.0829,0.1003,0.8168,0.734
135,negative,0.6937,0.1819,0.1244,-0.5694
136,negative,0.7868,0.1024,0.1108,-0.676
137,negative,0.7332,0.0966,0.1702,-0.563
138,negative,0.7845,0.1019,0.1137,-0.6708
139,negative,0.7502,0.1258,0.124,-0.6262
140,neutral,0.3043,0.6456,0.0501,-0.2541
141,negative,0.6933,0.1587,0.148,-0.5453
142,neutral,0.0453,0.891,0.0637,0.0184
143,neutral,0.0494,0.9091,0.0415,-0.0079
144,negative,0.8133,0.1507,0.036,-0.7773
145,negative,0.7818,0.1242,0.094,-0.6877
146,negative,0.8246,0.074,0.1014,-0.7232
147,negative,0.8333,0.126,0.0407,-0.7926
148,positive,0.0606,0.1476,0.7918,0.7312
149,negative,0.8126,0.1059,0.0814,-0.7312
150,negative,0.6696,0.1015,0.2289,-0.4408
151,negative,0.7223,0.1507,0.127,-0.5954
152,neutral,0.067,0.8251,0.1079,0.0409
153,neutral,0.1941,0.5928,0.2131,0.019
154,positive,0.1041,0.1794,0.7165,0.6123
155,neutral,0.2671,0.6612,0.0717,-0.1954
156,neutral,0.1238,0.7475,0.1287,0.0049
157,positive,0.1317,0.1697,0.6986,0.5669
158,positive,0.1199,0.0932,0.7869,0.667
159,positive,0.0609,0.056,0.8831,0.8221
160,positive,0.1144,0.2519,0.6337,0.5193
161,neutral,0.1485,0.7712,0.0803,-0.0681
162,neutral,0.1884,0.7106,0.101,-0.0874
163,neutral,0.1017,0.7987,0.0996,-0.0021
164,neutral,0.1021,0.8167,0.0812,-0.0209
165,neutral,0.1007,0.8356,0.0637,-0.037
166,neutral,0.1152,0.7405,0.1443,0.0291
167,neutral,0.1337,0.6494,0.2169,0.0833
168,neutral,0.1427,0.6915,0.1658,0.0231
169,neutral,0.2228,0.6776,0.0996,-0.1233
170,positive,0.0957,0.1112,0.793,0.6973
171,positive,0.0527,0.0671,0.8802,0.8275
172,positive,0.1221,0.2001,0.6778,0.5557
173,neutral,0.1367,0.8053,0.058,-0.0787
174,neutral,0.1114,0.8029,0.0857,-0.0258
175,positive,0.1208,0.15,0.7292,0.6085
176,negative,0.7074,0.2119,0.0807,-0.6268
177,neutral,0.0795,0.849,0.0715,-0.008
178,neutral,0.1241,0.7889,0.0871,-0.037
179,negative,0.7823,0.1716,0.0461,-0.7363
180,neutral,0.1322,0.809,0.0588,-0.0734
181,neutral,0.0632,0.8593,0.0776,0.0144
182,neutral,0.231,0.6869,0.0821,-0.1489
183,negative,0.7373,0.1674,0.0953,-0.6421
184,negative,0.799,0.1489,0.0521,-0.747
185,negative,0.8715,0.0704,0.0582,-0.8133
186,negative,0.7558,0.1602,0.0841,-0.6717
187,negative,0.7759,0.1445,0.0796,-0.6963
188,negative,0.8181,0.098,0.084,-0.7341
189,neutral,0.095,0.8486,0.0564,-0.0386
190,negative,0.6974,0.2286,0.074,-0.6235
191,neutral,0.143,0.8089,0.0481,-0.0949
192,negative,0.8152,0.1279,0.057,-0.7582
193,negative,0.8412,0.1218,0.037,-0.8043
194,negative,0.8616,0.0955,0.0428,-0.8188
195,neutral,0.0746,0.8803,0.0452,-0.0294
196,neutral,0.1744,0.7491,0.0765,-0.0979
197,neutral,0.1248,0.8009,0.0742,-0.0506
198,neutral,0.1143,0.8275,0.0583,-0.056
199,neutral,0.1379,0.7823,0.0798,-0.0582
200,neutral,0.0649,0.878,0.0571,-0.0078
201,neutral,0.1211,0.8238,0.0552,-0.0659
202,neutral,0.1037,0.8511,0.0452,-0.0584
203,neutral,0.1422,0.7323,0.1255,-0.0167
204,positive,0.1151,0.117,0.7679,0.6528
205,positive,0.1645,0.2297,0.6057,0.4412
206,neutral,0.067,0.8837,0.0493,-0.0178
207,neutral,0.1645,0.7164,0.1192,-0.0453
208,neutral,0.13,0.82,0.05,-0.08
209,negative,0.7953,0.1251,0.0796,-0.7158
210,positive,0.1753,0.266,0.5587,0.3834
211,neutral,0.0999,0.8304,0.0697,-0.0302
212,neutral,0.1429,0.7809,0.0762,-0.0667
213,neutral,0.0775,0.84,0.0825,0.005
214,negative,0.742,0.1991,0.059,-0.683
215,neutral,0.0908,0.8157,0.0936,0.0028
216,neutral,0.0883,0.8285,0.0832,-0.0051
217,negative,0.6789,0.2181,0.103,-0.576
218,negative,0.8464,0.0978,0.0557,-0.7907
219,neutral,0.1869,0.7458,0.0673,-0.1195
220,neutral,0.0932,0.849,0.0578,-0.0354
221,neutral,0.1658,0.7593,0.075,-0.0908
222,neutral,0.2096,0.7354,0.0549,-0.1547
223,neutral,0.1125,0.8463,0.0412,-0.0713
224,neutral,0.1587,0.7748,0.0666,-0.0921
225,negative,0.744,0.1461,0.11,-0.634
226,negative,0.7076,0.2182,0.0742,-0.6334
227,negative,0.8712,0.0884,0.0403,-0.8309
228,negative,0.883,0.0801,0.037,-0.846
229,neutral,0.116,0.8368,0.0472,-0.0689
230,neutral,0.0741,0.8046,0.1213,0.0472
231,negative,0.7307,0.137,0.1323,-0.5983
232,neutral,0.1006,0.8468,0.0526,-0.048
233,neutral,0.0728,0.8365,0.0907,0.0179
234,negative,0.8095,0.1488,0.0417,-0.7677
235,negative,0.8471,0.0972,0.0558,-0.7913
236,negative,0.8291,0.1066,0.0644,-0.7647
237,negative,0.7609,0.1285,0.1106,-0.6503
238,neutral,0.2206,0.7088,0.0706,-0.15
239,neutral,0.1186,0.8212,0.0601,-0.0585
240,neutral,0.1308,0.8096,0.0596,-0.0713
241,neutral,0.1072,0.8507,0.0421,-0.0651
242,neutral,0.214,0.728,0.058,-0.1561
243,neutral,0.1826,0.754,0.0634,-0.1192
244,neutral,0.0789,0.8924,0.0287,-0.0502
245,negative,0.71,0.1858,0.1042,-0.6058
246,neutral,0.1195,0.8343,0.0462,-0.0734
247,negative,0.8409,0.0955,0.0636,-0.7774
248,negative,0.7329,0.1813,0.0858,-0.6471
249,negative,0.7745,0.1585,0.067,-0.7075
250,neutral,0.1182,0.8301,0.0517,-0.0666
251,neutral,0.057,0.8395,0.1035,0.0466
252,negative,0.711,0.188,0.101,-0.61
253,negative,0.7963,0.1659,0.0378,-0.7585
254,negative,0.7969,0.1301,0.0729,-0.724
255,neutral,0.2408,0.6852,0.074,-0.1668
256,neutral,0.1642,0.7478,0.0881,-0.0761
257,neutral,0.1406,0.7737,0.0857,-0.0548
258,neutral,0.0903,0.8307,0.079,-0.0114
259,neutral,0.0969,0.8536,0.0496,-0.0473
260,neutral,0.1456,0.8123,0.0422,-0.1034
261,neutral,0.1072,0.8223,0.0705,-0.0367
262,neutral,0.1223,0.7656,0.1121,-0.0102
263,negative,0.864,0.0954,0.0406,-0.8234
264,negative,0.7708,0.1768,0.0524,-0.7184
265,negative,0.7543,0.1439,0.1018,-0.6525
266,neutral,0.0591,0.821,0.1199,0.0607
267,positive,0.1151,0.1493,0.7357,0.6206
268,negative,0.8426,0.1009,0.0565,-0.786
269,negative,0.8002,0.1403,0.0595,-0.7407
270,negative,0.8744,0.0969,0.0287,-0.8457
271,negative,0.7598,0.1884,0.0517,-0.7081
272,neutral,0.2563,0.6639,0.0798,-0.1764
273,neutral,0.0944,0.8185,0.0872,-0.0072
274,neutral,0.1921,0.7565,0.0514,-0.1406
275,neutral,0.0793,0.8581,0.0625,-0.0168
276,positive,0.1197,0.0908,0.7894,0.6697
277,positive,0.1217,0.196,0.6823,0.5606
278,neutral,0.2094,0.6925,0.0981,-0.1113
279,negative,0.7573,0.1842,0.0585,-0.6989
280,positive,0.1499,0.2743,0.5758,0.4259
281,neutral,0.1452,0.7716,0.0832,-0.062
282,neutral,0.0664,0.7885,0.1451,0.0788
283,negative,0.8163,0.145,0.0387,-0.7776
284,positive,0.1084,0.1202,0.7714,0.6629
285,positive,0.085,0.1275,0.7876,0.7026
286,positive,0.1718,0.131,0.6972,0.5254
287,neutral,0.139,0.7609,0.1001,-0.0389
288,neutral,0.1217,0.7528,0.1255,0.0038
289,negative,0.8102,0.1033,0.0865,-0.7238
290,negative,0.8118,0.1183,0.0699,-0.7419
291,negative,0.811,0.1132,0.0758,-0.7352
292,negative,0.8684,0.0985,0.0331,-0.8353
293,negative,0.8304,0.1013,0.0683,-0.7621
294,negative,0.8503,0.1013,0.0484,-0.8018
295,positive,0.1169,0.1155,0.7676,0.6507
296,positive,0.1437,0.1817,0.6746,0.5309
297,positive,0.0878,0.0922,0.82,0.7322
298,neutral,0.0759,0.7752,0.1489,0.0729
299,neutral,0.1269,0.7128,0.1603,0.0334
300,negative,0.6587,0.1296,0.2117,-0.447
301,negative,0.6309,0.209,0.1601,-0.4708
302,negative,0.8486,0.0828,0.0686,-0.78
303,negative,0.7179,0.1037,0.1783,-0.5396
304,negative,0.8784,0.0775,0.0441,-0.8343
305,negative,0.8028,0.1432,0.0539,-0.7489
306,negative,0.8222,0.0849,0.0929,-0.7293
307,neutral,0.1056,0.5854,0.3091,0.2035
308,negative,0.7526,0.1367,0.1107,-0.6419
309,neutral,0.1857,0.5813,0.233,0.0472
310,positive,0.1516,0.101,0.7474,0.5959
311,negative,0.7064,0.1006,0.193,-0.5133
312,neutral,0.1161,0.7538,0.1301,0.014
313,neutral,0.1103,0.6844,0.2053,0.095
314,positive,0.1359,0.0655,0.7986,0.6628
315,negative,0.8125,0.0803,0.1072,-0.7053
316,negative,0.6872,0.1059,0.2069,-0.4804
317,negative,0.7866,0.0873,0.1261,-0.6605
318,positive,0.1658,0.1589,0.6753,0.5096
319,positive,0.0985,0.0853,0.8161,0.7176
320,negative,0.7739,0.0805,0.1456,-0.6282
321,negative,0.7983,0.087,0.1146,-0.6837
322,negative,0.7606,0.1349,0.1045,-0.6561
323,neutral,0.2151,0.5344,0.2505,0.0353
324,negative,0.7703,0.0769,0.1529,-0.6174
325,negative,0.7394,0.1594,0.1011,-0.6383
326,negative,0.7887,0.1051,0.1062,-0.6825
327,neutral,0.1933,0.6521,0.1546,-0.0387
328,negative,0.8102,0.1011,0.0886,-0.7216
329,neutral,0.1483,0.7268,0.125,-0.0233
330,negative,0.8522,0.0791,0.0686,-0.7836
331,negative,0.6642,0.1139,0.2219,-0.4423
332,positive,0.0967,0.0965,0.8068,0.7102
333,neutral,0.1329,0.6962,0.1709,0.0379
334,neutral,0.1741,0.7177,0.1082,-0.0659
335,positive,0.0914,0.1584,0.7502,0.6588
336,positive,0.2392,0.0867,0.6741,0.435
337,positive,0.1141,0.1495,0.7364,0.6223
338,neutral,0.2735,0.574,0.1525,-0.121
339,neutral,0.1585,0.6627,0.1788,0.0204
340,neutral,0.1245,0.6645,0.2111,0.0866
341,negative,0.7724,0.1361,0.0915,-0.6809
342,positive,0.1115,0.1163,0.7721,0.6606
343,neutral,0.0785,0.7944,0.1271,0.0486
344,positive,0.1076,0.1068,0.7856,0.678
345,positive,0.0985,0.0526,0.8489,0.7505
346,positive,0.0973,0.0645,0.8382,0.7409
347,negative,0.8459,0.0553,0.0987,-0.7472
348,negative,0.815,0.1003,0.0847,-0.7302
349,negative,0.8258,0.0671,0.1071,-0.7187
350,negative,0.8142,0.0979,0.0879,-0.7262
351,negative,0.9011,0.0517,0.0472,-0.8538
352,negative,0.7798,0.1359,0.0843,-0.6956
353,negative,0.7541,0.1404,0.1056,-0.6485
354,negative,0.6787,0.1502,0.1711,-0.5076
355,negative,0.7854,0.1394,0.0753,-0.7101
356,positive,0.1577,0.1002,0.7421,0.5843
357,neutral,0.2087,0.5343,0.2571,0.0484
358,negative,0.6556,0.1976,0.1468,-0.5088
359,negative,0.8152,0.1131,0.0717,-0.7435
360,negative,0.7418,0.1032,0.155,-0.5869
361,negative,0.6844,0.2029,0.1128,-0.5716
362,negative,0.8578,0.0646,0.0776,-0.7802
363,negative,0.8342,0.0977,0.0681,-0.7662
364,positive,0.0698,0.0987,0.8315,0.7616
365,neutral,0.134,0.7796,0.0863,-0.0477
366,negative,0.7403,0.1809,0.0788,-0.6615
367,positive,0.0814,0.1801,0.7385,0.6571
368,positive,0.0924,0.1685,0.7392,0.6468
369,positive,0.115,0.1173,0.7677,0.6527
370,positive,0.0822,0.1456,0.7721,0.6899
371,positive,0.0608,0.1258,0.8134,0.7527
372,neutral,0.1397,0.6679,0.1924,0.0527
373,positive,0.1538,0.1065,0.7398,0.586
374,neutral,0.2859,0.5961,0.118,-0.1679
375,positive,0.081,0.0624,0.8566,0.7756
376,positive,0.0867,0.0822,0.8311,0.7444
377,positive,0.073,0.1058,0.8212,0.7482
378,neutral,0.1104,0.7979,0.0918,-0.0186
379,positive,0.1141,0.1231,0.7628,0.6488
380,positive,0.1136,0.0893,0.7972,0.6836
381,positive,0.0787,0.0773,0.844,0.7653
382,positive,0.0823,0.1124,0.8054,0.7231
383,neutral,0.1043,0.7847,0.111,0.0066
384,neutral,0.1108,0.7252,0.164,0.0531
385,positive,0.0638,0.1184,0.8177,0.7539
386,positive,0.029,0.0821,0.8889,0.8599
387,positive,0.0263,0.0907,0.8829,0.8566
388,positive,0.0937,0.1371,0.7691,0.6754
389,positive,0.0426,0.0571,0.9003,0.8577
390,positive,0.0578,0.0686,0.8736,0.8158
391,neutral,0.1072,0.7864,0.1064,-0.0008
392,negative,0.6752,0.1669,0.1579,-0.5173
393,positive,0.0723,0.099,0.8287,0.7564
394,positive,0.0467,0.0691,0.8842,0.8375
395,positive,0.1091,0.0731,0.8178,0.7087
396,positive,0.0851,0.1322,0.7827,0.6976
397,negative,0.7794,0.0929,0.1277,-0.6517
398,neutral,0.1231,0.7326,0.1443,0.0212
399,negative,0.808,0.1026,0.0894,-0.7186
400,negative,0.6638,0.1555,0.1807,-0.4831
401,negative,0.7832,0.0992,0.1176,-0.6656
402,positive,0.0717,0.1485,0.7798,0.708
403,neutral,0.1587,0.6398,0.2015,0.0428
404,positive,0.0785,0.0827,0.8389,0.7604
405,neutral,0.1119,0.6722,0.2159,0.104
406,positive,0.0808,0.0547,0.8646,0.7838
407,neutral,0.074,0.7632,0.1628,0.0888
408,positive,0.1298,0.1223,0.7478,0.618
409,positive,0.0826,0.091,0.8263,0.7437
410,neutral,0.1073,0.7394,0.1533,0.046
411,neutral,0.0797,0.8472,0.0731,-0.0066
412,neutral,0.2413,0.6015,0.1572,-0.0841
413,neutral,0.1476,0.7978,0.0547,-0.0929
414,neutral,0.0698,0.7979,0.1323,0.0625
415,neutral,0.1104,0.7373,0.1523,0.0418
416,negative,0.8358,0.0751,0.0891,-0.7467
417,negative,0.749,0.1328,0.1182,-0.6308
418,negative,0.6248,0.1956,0.1796,-0.4452
419,neutral,0.0348,0.8494,0.1158,0.081
420,neutral,0.0815,0.7976,0.1209,0.0394
421,neutral,0.0774,0.7824,0.1402,0.0628
422,positive,0.0953,0.0554,0.8493,0.7541
423,negative,0.7248,0.1547,0.1204,-0.6044
424,negative,0.7311,0.1431,0.1258,-0.6052
425,negative,0.8065,0.0626,0.131,-0.6755
426,neutral,0.1611,0.4871,0.3519,0.1908
427,positive,0.0784,0.0997,0.8218,0.7434
428,neutral,0.1515,0.6694,0.1791,0.0275
429,neutral,0.1965,0.6438,0.1598,-0.0367
430,positive,0.06,0.1087,0.8313,0.7713
431,neutral,0.1281,0.7618,0.1102,-0.0179
432,neutral,0.0487,0.8656,0.0857,0.037
433,neutral,0.048,0.8912,0.0608,0.0128
434,positive,0.0741,0.094,0.8319,0.7578
435,positive,0.0783,0.1306,0.7912,0.7129
436,positive,0.0615,0.1367,0.8018,0.7403
437,positive,0.0698,0.0855,0.8447,0.775
438,positive,0.0586,0.109,0.8323,0.7737
439,positive,0.052,0.1056,0.8424,0.7903
440,positive,0.0352,0.0792,0.8856,0.8503
441,positive,0.099,0.095,0.806,0.707
442,neutral,0.0639,0.7867,0.1495,0.0856
443,neutral,0.0806,0.8047,0.1146,0.034
444,neutral,0.0575,0.8357,0.1067,0.0492
445,neutral,0.0966,0.7229,0.1805,0.0839
446,negative,0.7032,0.1766,0.1202,-0.583
447,negative,0.7089,0.1244,0.1667,-0.5422
448,negative,0.6851,0.1836,0.1313,-0.5538
449,neutral,0.0536,0.7949,0.1515,0.0979
450,positive,0.0623,0.0777,0.86,0.7978
451,positive,0.0573,0.1001,0.8426,0.7853
452,neutral,0.1025,0.7702,0.1273,0.0248
453,negative,0.8334,0.0768,0.0898,-0.7436
454,negative,0.8012,0.0915,0.1073,-0.6939
455,negative,0.783,0.0909,0.1261,-0.657
456,positive,0.0844,0.0493,0.8663,0.7818
457,positive,0.0565,0.0907,0.8528,0.7963
458,negative,0.6577,0.1584,0.1839,-0.4737
459,negative,0.8329,0.0924,0.0747,-0.7582
460,negative,0.7752,0.1186,0.1062,-0.669
461,negative,0.9079,0.0545,0.0376,-0.8703
462,positive,0.0984,0.0471,0.8545,0.7561
463,positive,0.0511,0.0736,0.8754,0.8243
464,neutral,0.0575,0.8358,0.1067,0.0492
465,neutral,0.052,0.8095,0.1385,0.0865
466,negative,0.781,0.144,0.075,-0.706
467,negative,0.7434,0.1515,0.1051,-0.6382
468,positive,0.043,0.0495,0.9075,0.8645
469,positive,0.0222,0.0459,0.9319,0.9097
470,neutral,0.0857,0.8005,0.1138,0.028
471,neutral,0.0681,0.8499,0.082,0.0139
472,neutral,0.1147,0.7986,0.0867,-0.0281
473,neutral,0.1241,0.7597,0.1162,-0.0079
474,neutral,0.0694,0.8523,0.0783,0.0089
475,neutral,0.063,0.8795,0.0575,-0.0056
476,neutral,0.1122,0.8125,0.0753,-0.0368
477,neutral,0.0703,0.8482,0.0815,0.0112
478,neutral,0.1124,0.8166,0.071,-0.0415
479,neutral,0.1071,0.8036,0.0893,-0.0178
480,positive,0.0545,0.1095,0.8359,0.7814
481,positive,0.1162,0.0893,0.7945,0.6783
482,neutral,0.0658,0.8442,0.09,0.0242
483,neutral,0.1098,0.7974,0.0928,-0.017
484,neutral,0.2328,0.5643,0.2029,-0.0299
485,negative,0.8109,0.1209,0.0682,-0.7427
486,negative,0.6576,0.1585,0.184,-0.4736
487,positive,0.0695,0.1386,0.7919,0.7223
488,positive,0.0935,0.1786,0.7278,0.6343
489,neutral,0.1099,0.8104,0.0797,-0.0302
490,neutral,0.108,0.7793,0.1128,0.0048
491,neutral,0.0729,0.8559,0.0711,-0.0018
492,neutral,0.0482,0.7579,0.1939,0.1456
493,neutral,0.125,0.7689,0.1062,-0.0188
494,neutral,0.117,0.7308,0.1522,0.0352
495,neutral,0.0968,0.7169,0.1863,0.0895
496,neutral,0.0946,0.8405,0.0649,-0.0298
497,neutral,0.1215,0.7908,0.0877,-0.0338
498,neutral,0.1632,0.6564,0.1803,0.0171
499,neutral,0.096,0.7318,0.1722,0.0762
500,neutral,0.165,0.6505,0.1845,0.0195
501,neutral,0.0896,0.8134,0.097,0.0074
502,negative,0.8141,0.1281,0.0578,-0.7563
503,negative,0.7233,0.1722,0.1044,-0.6189
504,neutral,0.1615,0.7627,0.0758,-0.0857
505,negative,0.8078,0.1002,0.092,-0.7158
506,neutral,0.1802,0.6806,0.1391,-0.0411
507,negative,0.7898,0.1075,0.1027,-0.6871
508,positive,0.129,0.1692,0.7018,0.5728
509,neutral,0.082,0.8342,0.0838,0.0018
510,negative,0.7504,0.0853,0.1644,-0.586
511,negative,0.8282,0.0971,0.0747,-0.7535
512,negative,0.8087,0.1308,0.0605,-0.7482
513,negative,0.6773,0.2065,0.1162,-0.561
514,positive,0.0682,0.161,0.7708,0.7026
515,positive,0.0663,0.1009,0.8329,0.7666
516,neutral,0.1655,0.7185,0.116,-0.0495
